"time","S","E","I","R"
0,0.999,0.001,0,0
0.005,0.9990000657894736,0.0007390413533834586,0.00026089285714285716,0.0
0.01,0.9989001759518333,0.0006461377447965892,0.0004196537619159506,3.403254145408163e-05
0.015,0.9987396530164107,0.0006382879683618162,0.0005334565409851487,8.860247424232117e-05
0.02,0.9985358495455975,0.0006760506047355328,0.0006303587163363272,0.0001577411333305426
0.025,0.9982953380887801,0.0007410258420512711,0.0007244659759458126,0.00023917009322269386
0.03,0.9980192779567177,0.00082501687254008,0.000823242663676355,0.000332462507065672
0.035,0.997705972089054,0.0009248200769060355,0.0009310404467186331,0.0004381673873211943
0.04,0.9973520673181229,0.0010397268120294254,0.001050807245134764,0.0005573986247127841
0.045,0.9969530979145608,0.0011703317130944792,0.0011849213594727426,0.0006916490128718797
0.05,0.9965037090711092,0.001317971075753431,0.0013356058290730378,0.0008427140240642104
0.055,0.995997722005338,0.0014844657825766941,0.0015051421894716915,0.0010126700226135395
0.06,0.9954281180976015,0.001672012166619357,0.0016959892631977047,0.0012038804725814309
0.065,0.994786978902604,0.0018831455135563898,0.0019108579740040187,0.001419017609835483
0.07,0.9940653993333437,0.002120740028180476,0.002152766874895043,0.0016610937635806657
0.075,0.9932533819138043,0.0023880279032127086,0.002425090420327673,0.0019334997626552501
0.08,0.9923397154881937,0.002688629154384729,0.0027316059132167832,0.00224004944420475
0.085,0.9913118396411624,0.0030265881893412807,0.003076542108542731,0.0025850300609534904
0.09,0.9901556951195519,0.003406415092997762,0.0034646310141597044,0.0029732587732905665
0.095,0.988855560179588,0.0038331305059821495,0.0039011637020205706,0.0034101456124092317
0.1,0.9873938727486177,0.004312313302699146,0.004392050543819911,0.003901763404863235
0.105,0.9857510384718938,0.004850150303665517,0.0049438860240160615,0.004454925200424581
0.11,0.9839052250715687,0.005453487102540842,0.005564018063555084,0.005077269762335314
0.115,0.9818321439746163,0.006129878801456807,0.006260621556411039,0.005777355667515898
0.12,0.9795048208880165,0.00688763904412849,0.0070427755451942875,0.006564764522660785
0.125,0.9768933579455719,0.007735885212894296,0.007920543116788482,0.007450213724745465
0.13,0.9739646912624704,0.008684577002901036,0.008905052662215638,0.008445679072413021
0.135,0.9706823492585761,0.009744544790302324,0.01000857859482534,0.009564527356296398
0.14,0.9670062190001438,0.010927503257956505,0.011244618934834364,0.01082165880706552
0.145,0.9628923301126163,0.012246044621911992,0.01262796632298321,0.01223365894248869
0.15,0.9582926685789588,0.013713604513413613,0.014174767998881224,0.013818958908746622
0.155,0.9531550359894884,0.015344392126755825,0.01590256905030401,0.01559800283345205
0.16,0.9474229735561185,0.01715327467726822,0.01783033179400296,0.017593419972610547
0.165,0.9410357744114162,0.019155604591909556,0.019978422482996062,0.019830198513678468
0.17,0.9339286122846032,0.021366976287232223,0.022368554663980016,0.022335856764184776
0.175,0.9260328193989414,0.023802898044334466,0.025023676472400325,0.025140606084324016
0.18,0.9172763510653834,0.026478363610994746,0.0279677870314106,0.028277498292211514
0.185,0.9075844784995668,0.02940730808105124,0.031225665047067742,0.031782548372314534
0.19,0.896880754217123,0.032601933756409573,0.03482249086798687,0.03569482115848088
0.195,0.8850882951001002,0.0360718946299767,0.03878334199304207,0.04005646827688128
0.2,0.8721314257750903,0.03982333347342337,0.043132541658898696,0.04491269909258794
0.205,0.8579377179828731,0.043857773960318695,0.0478928412279068,0.050311666828901654
0.21,0.8424404486780589,0.04817088246574272,0.05308442024720341,0.05630424860899521
0.215,0.825581479187306,0.052751130664911286,0.05872369397468238,0.06294369617310058
0.22,0.8073145286051723,0.05757841096478791,0.06482192761892905,0.07028513281111094
0.225,0.7876087760083392,0.06262268170172404,0.071383670213772,0.07838487207616486
0.23,0.7664526783304236,0.06784274658248164,0.07840503943308226,0.08729953565401256
0.235,0.7438578357206489,0.07318530049498599,0.0858719118230786,0.09708495196128655
0.24,0.7198626778501723,0.07858439761404888,0.09375810029026972,0.10779482424550917
0.245,0.6945356893312739,0.08396151229462014,0.10202363068207003,0.11947916769203613
0.25,0.6679778490712172,0.08922636211308305,0.11061325918131622,0.13218252963438373
0.255,0.6403239378278067,0.09427863886767891,0.11945539792450911,0.1459420253800054
0.26,0.6117423818972231,0.09901074182023055,0.12846163244564823,0.16078524383689827
0.265,0.5824333585698038,0.103311525445276,0.13752701518278437,0.1767281008021359
0.27,0.552624996072795,0.1070709640757737,0.14653129843936033,0.1937727414120711
0.275,0.522567655006044,0.11018550753849071,0.15534122340177786,0.2119056140536876
0.28,0.4925264677905799,0.11256377192291894,0.16381390765922313,0.2310958526272782
0.285,0.46277251511868195,0.11413210069548806,0.17180127529172787,0.2512941088941023
0.29,0.4335732034447494,0.11483946829437272,0.17915535963258758,0.27243196862829044
0.295,0.4051825418632364,0.11466120241559048,0.18573419326835416,0.2944220624528191
0.3,0.3778320713509969,0.11360108376580524,0.19140790043972047,0.3171589444434775
0.305,0.351723157492491,0.11169153937340065,0.19606454212016042,0.340520761013948
0.31,0.32702122041074677,0.10899185709908407,0.19961524867386926,0.3643716738163
0.315,0.3038522627925505,0.10558458048527117,0.20199821681770186,0.3885649399044765
0.32,0.28230180401286387,0.10157045393070588,0.20318124437269833,0.41294649768373193
0.325,0.2624160779014281,0.09706244132315361,0.20316261543173017,0.43735886534368806
0.33,0.24420514314069763,0.09217941234364772,0.20197030950594727,0.46164513500970733
0.335,0.2276474164046702,0.08704007340946326,0.19965966668915197,0.4856528434967145
0.34,0.21269508034938797,0.08175762659386451,0.19630977417312173,0.5092375188836258
0.345,0.1992798361497636,0.07643549517768439,0.19201893091714456,0.5322657377554074
0.35,0.18731854580959506,0.07116428978974432,0.1868995890605319,0.5546175753401287
0.355,0.17671841928273876,0.06602003332748634,0.18107316403031043,0.5761883833594644
0.36,0.16738152204041198,0.061063537201779934,0.17466505888774264,0.5968898818700654
0.365,0.15920849127951553,0.056340736877676094,0.16780017532514463,0.6166505965176637
0.37,0.1521014414631738,0.05188375246246599,0.16059909807265205,0.6354157080017081
0.375,0.1459661070815326,0.0477124343600267,0.15317505398637113,0.6531464045720695
0.38,0.1407133125766642,0.043836175030705894,0.14563167126285834,0.6698188411297715
0.385,0.13625987989100874,0.04025580503206079,0.13806150377870122,0.6854228112982292
0.39,0.13252908825809018,0.03696543532974648,0.13054524268529935,0.699960233726864
0.395,0.12945079401544093,0.03395415122050798,0.12315151154591047,0.7134435432181406
0.4,0.12696130505405773,0.031207501522542667,0.11593713014222434,0.7258940632811752
0.405,0.12500308862798842,0.02870875765965789,0.10894773237008397,0.7373404213422696
0.41,0.12352437511807285,0.0264399403176527,0.102218631978329,0.7478170525859453
0.415,0.12247870549225268,0.02438262703454384,0.09577584316545923,0.7573628243077442
0.42,0.12182445740256138,0.02251856355799576,0.0896371786704851,0.7660198003689577
0.425,0.12152437436009787,0.020830106439210752,0.08381336404829255,0.7738321551523988
0.43,0.12154511416561695,0.019300525473253987,0.07830912198804289,0.7808452383730862
0.435,0.12185682650138079,0.0179141934074615,0.07312419401929383,0.7871047860718638
0.44,0.12243276499264164,0.016656687756925706,0.068254278366557,0.7926562688838756
0.445,0.12324893579775578,0.015514826288582936,0.06369187196530988,0.7975443659483514
0.45,0.12428378258338235,0.014476654253004715,0.05942701184217547,0.8018125513214375
0.455,0.12551790632662782,0.013531398074007304,0.05544791640479566,0.8055027791945693
0.46,0.12693381754726396,0.01266939713781042,0.051741530953490905,0.8086552543614347
0.465,0.12851571814278345,0.011882022648202662,0.048293984201261846,0.811308275007752
0.47,0.13024930984872476,0.011161590260185511,0.04509096404224526,0.8134981358488445
0.475,0.13212162638063135,0.010501271359278294,0.04211802148453709,0.8152590807755532
0.48,0.13412088646249892,0.0098950063810405,0.03936081176947301,0.8166232953869875
0.485,0.13623636516013413,0.009337422418035637,0.03680528140757937,0.8176209310142508
0.49,0.13845828118234277,0.008823756488724403,0.03443780930829272,0.81828015302064
0.495,0.14077769806547527,0.008349785195561673,0.03224530947192894,0.8186272072670341
0.5,0.14318643740300444,0.00791176103321708,0.030215301927395626,0.8186864996363828
0.505,0.1456770025127588,0.007506355283391544,0.02833595779493598,0.8184806844089136
0.51,0.14824251114550496,0.007130607217274168,0.026596123569299582,0.8180307580679212
0.515,0.15087663602781815,0.006781879193224905,0.024985328980946526,0.8173561557980104
0.52,0.15357355219944008,0.006457817164020869,0.023493782116574498,0.8164748485199644
0.525,0.1563278902515366,0.006156316077817406,0.022112354873099344,0.8154034387975465
0.53,0.15913469469900823,0.005875489656585025,0.02083256128342678,0.8141572543609799
0.535,0.16198938682915662,0.005613644055124703,0.019646530786385782,0.8127504383293328
0.54,0.16488773146254862,0.0053692549353493105,0.01854697811308748,0.8111960354890145
0.545,0.16782580714179077,0.005140947528898598,0.01752717112232594,0.8095060742069846
0.55,0.1707999793319538,0.004927479302464205,0.0165808976323308,0.8076916437332511
0.555,0.1738068762742366,0.004727724881784254,0.01570243205888853,0.8057629667850905
0.56,0.17684336718361468,0.004540662930377298,0.014886502474374369,0.8037294674116335
0.565,0.17990654252298505,0.004365364716644592,0.014128258542738501,0.8015998342176317
0.57,0.18299369612183156,0.004200984137382345,0.013423240656606912,0.799382079084179
0.575,0.18610230893765967,0.004046748996755088,0.01276735049957331,0.7970835915660117
0.58,0.18923003428422042,0.0039019533673621265,0.012156823175218044,0.7947111891731992
0.585,0.19237468437255836,0.0037659508843059077,0.011588200980687404,0.7922711637624481
0.59,0.195534218029772,0.0036381488443608606,0.011058308853611578,0.7897693242722553
0.595,0.1987067294765628,0.003518003000710181,0.010564231484015111,0.7872110360387117
0.6,0.20189043805858917,0.003405012959553545,0.010103292055386709,0.7846012569264703
0.605,0.20508367883868167,0.0032987180984789762,0.009673032559307003,0.781944570503532
0.61,0.20828489396740815,0.003198693938113789,0.009271195614390285,0.7792452164800875
0.615,0.21149262475854527,0.0031045489084801183,0.00889570771146613,0.7765071186215082
0.62,0.21470550440392,0.0030159214599143535,0.008544663801834787,0.7737339103343306
0.625,0.21792225126900103,0.002932477475576331,0.008216313143203056,0.7709289581122193
0.63,0.2211416627166893,0.002853907948658398,0.007909046317840595,0.7680953830168114
0.635,0.2243626094120982,0.0027799268925679053,0.007621383339025887,0.7652360803563076
0.64,0.22758403006582767,0.002710269456739102,0.007351962764527856,0.762353737712905
0.645,0.2308049265774099,0.002644690224451869,0.00709953173933993,0.759450851458798
0.65,0.23402435954430587,0.002582961672197889,0.00686293689387203,0.7565297418896239
0.655,0.2372414441051263,0.0025248727728269323,0.006641116028099354,0.7535925670939471
0.66,0.2404553460886867,0.002470227727000817,0.0064330905166021845,0.75064133566771
0.665,0.24366527844313113,0.0024188448094426564,0.0062379583738862016,0.7476779183735397
0.67,0.24687049792170745,0.002370555318146734,0.006054887923757893,0.7447040588363876
0.675,0.2500703020038868,0.0023252026161539024,0.005883112020780179,0.7417213833591788
0.68,0.2532640260324114,0.0022826412567357878,0.00572192277590473,0.7387314099349478
0.685,0.25645104054856205,0.002242736183899404,0.005570666742240517,0.7357355565252978
0.69,0.25963074880947234,0.002205362001047993,0.005428740520555748,0.7327351486689236
0.695,0.2628025844727038,0.002170402301435898,0.0052955867475143375,0.7297314264783457
0.7,0.26596600943455095,0.002137749054753259,0.0051706904328169805,0.7267255510778785
0.705,0.26912051180967933,0.0021073020447856883,0.005053575614354412,0.7237186105311803
0.71,0.27226560404072836,0.0020789683536276667,0.0049438023031934475,0.7207116253024503
0.715,0.27540082112744196,0.00205266188839708,0.004840963692714638,0.717705553291446
0.72,0.2785257189657377,0.002028302946811164,0.004744683608514757,0.714701294478936
0.725,0.28163987278789243,0.0020058178183488683,0.004654614177790048,0.7116996952159683
0.73,0.28474287569572265,0.0019851384180478125,0.004570433698839528,0.7087015521873896
0.735,0.287834337279273,0.001966201950271029,0.004491844693084398,0.7057076160773712
0.74,0.2909138823141053,0.0019489506000343753,0.004418572123601851,0.7027185949622581
0.745,0.2939811495308091,0.00193333124971373,0.004350361765631523,0.6997351574538453
0.75,0.29703579045083345,0.0019192952191553407,0.004286978715841686,0.6967579356141692
0.755,0.30007746828318044,0.0019067980273958845,0.004228206028351061,0.6937875276610723
0.76,0.30310585687689934,0.0018957991743634157,0.004173843466600924,0.6908245004821361
0.765,0.3061206397246859,0.0018862619410786028,0.004123706361170476,0.6878693919730647
0.77,0.30912150901322516,0.0018781532070093606,0.004077624564535204,0.68492271321523
0.775,0.31210816471622,0.0018714432833527748,0.00403544149459117,0.6819849505058359
0.78,0.31508031372632606,0.001866105761127521,0.003997013259515506,0.6790565672530307
0.785,0.31803766902246844,0.0018621173730590107,0.003962207857211716,0.6761380057472606
0.79,0.32097994886924724,0.0018594578683293333,0.003930904443203959,0.6732296888192192
0.795,0.32390687604535223,0.001858109899345646,0.0039029926614032274,0.6703320213938986
0.8,0.326818177098101,0.0018580589197548123,0.003878372032675407,0.6674453919494685
0.805,0.32971358162139314,0.0018592930929995206,0.0038569513966014105,0.6645701738890056
0.81,0.33259282155453535,0.0018618032107724897,0.0038386484022373897,0.6617067268324545
0.815,0.33545563049954236,0.0018655826207812118,0.0038233890440622395,0.6588553978356139
0.82,0.33830174305465394,0.0018706271632865177,0.003811107239643963,0.6560165225424153
0.825,0.3411308941619348,0.0018769351159245043,0.0038017444458690996,0.6531904262762712
0.83,0.3439428184669384,0.0018845071463634011,0.003795249310863339,0.6503774250758345
0.835,0.34673724968852143,0.0018933462723851441,0.0037915773589892593,0.6475778266801038
0.84,0.34951391999699344,0.0019034578290160291,0.003790690706541279,0.6447919314674488
0.845,0.3522725593988752,0.0019148494423621163,0.0037925578059705128,0.6420200333527918
0.85,0.3550128951266227,0.0019275310098332606,0.003797153216665254,0.6392624206468783
0.855,0.3577346510317506,0.0019415146864649494,0.0038044574004879933,0.636519376881296
0.86,0.3604375469798605,0.0019568148770696936,0.0038144565404288205,0.6337911816026405
0.865,0.36312129824614686,0.0019734482339696918,0.003827142380879129,0.6310781111390038
0.87,0.36578561491001615,0.0019914336600799615,0.0038425120881600185,0.6283804393417434
0.875,0.3684302012475155,0.0020107923171262176,0.003860568130057815,0.6256984383052999
0.88,0.37105475512032426,0.002031547638794528,0.003881318173225661,0.623032379067655
0.885,0.3736589673601168,0.0020537253486202366,0.0039047749974061045,0.6203825322938563
0.89,0.3762425211471606,0.0020773534824318567,0.003930956425515778,0.6177491689448912
0.895,0.3788050913820661,0.002102462415171587,0.003959885268710337,0.6151325609340514
0.9,0.3813463440496581,0.002129084891917796,0.00399158928561637,0.6125329817728072
0.905,0.38386593557399495,0.002157256062936211,0.004026101154977596,0.6099507072080907
0.91,0.38636351216361436,0.002187013522585616,0.004063458461015659,0.6073860158527838
0.915,0.3888387091461456,0.002218397351900489,0.00410370369085175,0.6048391898111016
0.92,0.3912911502914862,0.0022514501646671795,0.004146884243374239,0.6023105153004719
0.925,0.39372044712280707,0.0022862171568017765,0.004193052448969914,0.5998002832714208
0.93,0.39612619821471806,0.0023227461588266633,0.004242265599562394,0.5973087900268924
0.935,0.3985079884780004,0.002361087691228744,0.00429458598842091,0.5948363378423495
0.94,0.4008653884303928,0.002401295022465322,0.004350080959216134,0.5923832355879253
0.945,0.4031979534530059,0.0024434242293634076,0.004408822963806924,0.5899497993538233
0.95,0.405505223032035,0.0024875342596346775,0.004470889628242957,0.5875363530800869
0.955,0.40778671998554716,0.002533686996201177,0.004536363826462912,0.5851432291917883
0.96,0.4100419496752337,0.0025819473229959176,0.0046053337611562505,0.5827707692406137
0.965,0.41227039920314756,0.002632383191867565,0.004677893051238463,0.580419324553746
0.97,0.4144715365935839,0.0026850656901791533,0.004754140825364674,0.5780892568908719
0.975,0.4166448099604194,0.002740069108646955,0.004834181820874604,0.5757809391100586
0.98,0.41878964666039503,0.0027974710089169997,0.004918126487522684,0.5734947558431649
0.985,0.4209054524330149,0.002857352290322963,0.005006091095300346,0.5712311041813614
0.99,0.42299161052794315,0.0029197972552099803,0.005098197845602854,0.5689903943712435
0.995,0.42504748082100574,0.00298489367214404,0.005194574984930014,0.5667730505219197
1.0,0.4270723989201569,0.003052732836255695,0.0052953569202384325,0.5645795113233485
1.005,0.4290656752630428,0.003123409625889627,0.005400684334982144,0.562410230776085
1.01,0.4310265942080965,0.003197022554647759,0.005510704304787977,0.5602656789324673
1.015,0.4329544131214276,0.0032736738178229573,0.005625570411611557,0.5581463426491374
1.02,0.4348483614621263,0.003353469332122556,0.005745442855108771,0.556052726350642
1.025,0.43670763986899663,0.0034365187674758498,0.005870488559835483,0.5539853528036917
1.03,0.43853141925215433,0.003522935569607114,0.0060008812767547185,0.5519447639014835
1.035,0.440318839893389,0.0036128369719355545,0.006136801677385071,0.5499315214572901
1.04,0.44206901055968706,0.003706343995235796,0.006278437438766191,0.5479462080063107
1.045,0.4437810076348525,0.003803581433357186,0.006425983317246677,0.5459894276145433
1.05,0.44545387427474115,0.0039046778231574325,0.006579641208916002,0.544061806693185
1.055,0.44708661959224855,0.00400976539665623,0.006739620194305242,0.5421639948167896
1.06,0.4486782178788594,0.004118980013258015,0.006906136564771037,0.5402966655431111
1.065,0.4502276078702786,0.004232461069730391,0.00707941382775352,0.538460517232237
1.07,0.4517336920644235,0.004350351385456967,0.007259682687862042,0.536656273862257
1.075,0.453195336100863,0.004472797060311391,0.007447181000492716,0.5348846858383324
1.08,0.45461136821163817,0.004599947302324579,0.007642153694419801,0.5331465307916169
1.085,0.4559805787542963,0.004731954222141197,0.007844852659529456,0.5314426143640325
1.09,0.45730171983890766,0.004868972591086353,0.008055536595580788,0.5297737709744247
1.095,0.45857350506181277,0.005011159559491565,0.008274470817586742,0.5281408645611084
1.1,0.45979460935986277,0.005158674331763329,0.008501927013108434,0.5265447892952649
1.105,0.46096366899996044,0.0053116777945211345,0.008738182946453246,0.5249864702590646
1.11,0.46207928171977997,0.005470332093988711,0.008983522104462544,0.5234668640817682
1.115,0.46314000703662994,0.0056348001586967586,0.009238233278272822,0.5219869595264
1.12,0.464144366742517,0.005805245163452683,0.009502610075138685,0.5205477780188911
1.125,0.4650908456045565,0.0059818299304585845,0.009776950354122422,0.519150374110862
1.13,0.4659778922909439,0.006164716263419227,0.010061555579188952,0.5177958358664474
1.135,0.4668039205437361,0.006354064210484283,0.010356730083003304,0.5164852851627758
1.14,0.46756731062066814,0.006550031251921439,0.010662780234518415,0.5152198778928915
1.145,0.46826641102913535,0.006752771408527759,0.010980013503272618,0.5140008040590638
1.15,0.46889954057627153,0.006962434266965221,0.011308737413198622,0.5128292877435642
1.155,0.469464990759727,0.007179163918462659,0.01164925837869021,0.5117065869431198
1.16,0.46996102852426286,0.007403097807671034,0.01200188041569137,0.5106339932523744
1.165,0.47038589940959835,0.007634365488903203,0.012366903720678607,0.5096128313808195
1.17,0.47073783111503437,0.007873087287544645,0.012744623110615267,0.5086444584868054
1.175,0.4710150375061937,0.008119372865099698,0.013135326317282493,0.5077302633114238
1.18,0.47121572308871795,0.00837331968715045,0.013539292129851659,0.5068716650942796
1.185,0.4713380879729,0.008635011394463864,0.013956788380175195,0.5060701122524606
1.19,0.4713803333519598,0.00890451607859785,0.014388069766055077,0.505327080803387
1.195,0.47134066751493797,0.00918188446463834,0.014833375508719306,0.5046440725117041
1.2,0.47121731241294057,0.009467148005155229,0.015292926841915406,0.5040226127399885
1.205,0.4710085107946603,0.009760316891101349,0.01576692433143463,0.5034642479828034
1.21,0.4707125339236849,0.010061377987198626,0.01625554502552876,0.5029705430635875
1.215,0.47032768988602597,0.010370292701359482,0.0167589394385893,0.502543077974025
1.22,0.4698523324915241,0.010686994799874802,0.017277228372640688,0.5021834443359602
1.225,0.4692848707672719,0.011011388182453749,0.017810499583665592,0.5018932414666085
1.23,0.4686237790349145,0.01134334463371016,0.018358804302539288,0.5016740720288358
1.235,0.46786760755662227,0.011682701570334146,0.018922153623403465,0.5015275372496399
1.24,0.4670149937266775,0.012029259805936976,0.01950051477565453,0.5014552316917309
1.245,0.4660646737769856,0.012382781358375719,0.02009380729934699,0.5014587375652916
1.25,0.46501549495544525,0.012742987327205881,0.020701899147700088,0.5015396185696487
1.255,0.46386642812603524,0.013109555871720857,0.02132460274451748,0.5016994132577264
1.26,0.4626165807287822,0.013482120322752318,0.021961671028646778,0.5019396279198186
1.265,0.46126521002655513,0.013860267463952169,0.022612793522067624,0.502261728987425
1.27,0.45981173655402413,0.014243536020571783,0.023277592462741085,0.502667134962663
1.275,0.4582557576722823,0.014631415395707031,0.02395561904790272,0.5031572078841079
1.28,0.45659706112074605,0.015023344695489915,0.02464634983794718,0.5037332443458168
1.285,0.4548356384462474,0.015418712085676098,0.025349183375329237,0.5043964660927471
1.29,0.4529716981779616,0.015816854522395514,0.02606343707687786,0.5051480102227649
1.295,0.4510056786062493,0.01621705789939388,0.026788344461455987,0.5059889190329008
1.3,0.44893826001394727,0.016618557652792618,0.027523052777858863,0.5069201295554012
1.305,0.4467703762004291,0.017020539862137286,0.02826662110007816,0.5079424628373554
1.31,0.44450322513221774,0.017422142883205444,0.02901801895841306,0.5090566130261637
1.315,0.4421382785494081,0.017822459543636416,0.029776125575226003,0.5102631363317294
1.32,0.43967729035497877,0.01822053992688179,0.030539729773265734,0.5115624399448736
1.325,0.437122303614566,0.018615394763238036,0.03130753062226815,0.5129547709999277
1.33,0.4344756559977253,0.019005999438824906,0.03207813888586399,0.5144402056775856
1.335,0.4317399834983693,0.01939129862436586,0.03285007932556127,0.5160186385517034
1.34,0.4289182222821432,0.01977021151560017,0.03362179391164553,0.5176897722906109
1.345,0.4260136085221038,0.02014163766624558,0.034391645982204545,0.5194531078294459
1.35,0.4230296761012559,0.020504463382813705,0.03515792538112774,0.5213079351348024
1.355,0.4199702520812252,0.020857568638481663,0.03591885459389555,0.5232533246863974
1.36,0.41683944986045823,0.021199834450907565,0.03667259588635309,0.525288119802281
1.365,0.4136416599725938,0.02153015065664694,0.03741725943660592,0.5274109299341532
1.37,0.41038153850566805,0.02184742400301536,0.03815091243389383,0.5296201250574226
1.375,0.40706399315513836,0.022150586467203758,0.03887158910105959,0.5319138312765982
1.38,0.40369416695774746,0.022438603702552226,0.03957730157936076,0.5342899277603395
1.385,0.4002774197883412,0.022710483503487904,0.04026605159625319,0.5367460451119176
1.39,0.3968193077371412,0.02296528417407866,0.040935842818827915,0.5392795652699521
1.395,0.39332556051985834,0.023202122680759853,0.04158469377826961,0.541887623021112
1.4,0.3898020571065686,0.023420182467824152,0.04221065123450336,0.5445671091911037
1.405,0.3862547997866096,0.023618720814929,0.042811803835597344,0.547314675562864
1.41,0.3826898869150681,0.023797075619305216,0.04338629591396757,0.550126741551659
1.415,0.3791134846109359,0.0239546714915901,0.04393234125143921,0.5529995026460346
1.42,0.3755317976970166,0.024091025063215418,0.04444823663815856,0.5559289406016092
1.425,0.3719510401865847,0.024205749414915555,0.04493237504656089,0.5589108353519388
1.43,0.36837740563116844,0.024298557549950073,0.045383258241340714,0.5619407785775407
1.435,0.3648170376473519,0.02436926485173579,0.04579950864980581,0.5650141888511064
1.44,0.3612760009380267,0.024417790483353845,0.04617988032418368,0.5681263282544357
1.445,0.3577602531151092,0.024444157705369007,0.04652326883833446,0.5712723203411872
1.45,0.35427561761658155,0.024448493108054786,0.046828719975738654,0.5744471692996249
1.455,0.3508277579911925,0.02443102477391224,0.047095437083289386,0.5776457801516058
1.46,0.34742215379979036,0.02439207940574922,0.04732278698593912,0.5808629798085212
1.465,0.3440640783537244,0.024332078474009738,0.047510304380149165,0.5840935387921166
1.47,0.34075857847879887,0.02425153345400646,0.04765769464880607,0.5873321934183885
1.475,0.33751045645875316,0.024151040238763497,0.047764835066185014,0.5905736682362982
1.48,0.33432425427605517,0.024031272825944507,0.04783177438800135,0.5938126985099988
1.485,0.33120424023084327,0.023892976387530584,0.04785873084793004,0.597044052533696
1.49,0.3281543979820233,0.023736959838325553,0.047846088607532304,0.6002625535721188
1.495,0.3251784180186591,0.023564088023903487,0.047794392730686266,0.6034631012267511
1.5,0.322279691535661,0.02337527365027374,0.04770434277580715,0.606640692038258
1.505,0.31946130665604344,0.02317146907641484,0.047576785118868266,0.6097904391486734
1.51,0.3167260469132618,0.022953658087098462,0.04741270413709228,0.6129075908625474
1.515,0.31407639188178144,0.022722847757339217,0.04721321239686704,0.6159875479640122
1.52,0.3115145198224017,0.022480060511675747,0.046979539999751296,0.6190258796661712
1.525,0.3090423121911364,0.022226326471667134,0.046713023247280064,0.6220183380899164
1.53,0.30666135984671233,0.021962676173856156,0.04641509278866778,0.6249608711907637
1.535,0.3043729707819374,0.021690133728398633,0.04608726141554972,0.6278496340741142
1.54,0.3021781791981727,0.021409710475971983,0.045731111664793954,0.6306809986610613
1.545,0.30007775573967993,0.021122399187824343,0.04534828338443066,0.633451561688065
1.55,0.2980722187054191,0.02082916884124629,0.04494046140921373,0.6361581510441209
1.555,0.29616184605958273,0.020530959990639912,0.044509363481630176,0.6387978304681472
1.56,0.2943466880683951,0.02022868074297915,0.044056728541710215,0.6413679026469156
1.565,0.29262658039907197,0.019923203336006397,0.043584305495186715,0.6438659107697349
1.57,0.291001157526922,0.019615361308148383,0.04309384255482291,0.6462896386101067
1.575,0.28946986630797583,0.01930594724096524,0.04258707723447838,0.6486371092165806
1.58,0.2880319795868749,0.018995711048028833,0.04206572706009276,0.6509065823050035
1.585,0.286686609722683,0.01868535877847618,0.04153148104658011,0.6530965504522607
1.59,0.28543272192848357,0.01837555189907952,0.04098599197494839,0.6552057341974885
1.595,0.28426914733380804,0.018066907015462992,0.040430869490046394,0.6572330761606826
1.6,0.28319459569187033,0.017759995990998458,0.03986767402640643,0.6591777342907248
1.605,0.28220766766604805,0.01745534642083164,0.03929791155785787,0.6610390743552624
1.61,0.2813068666418984,0.017153442418313288,0.038723029156050276,0.662816661783738
1.615,0.28049061002209735,0.01685472567171929,0.03814441133381782,0.6645102529723654
1.62,0.27975723997195434,0.016559596730416664,0.03756337714147002,0.6661197861561589
1.625,0.2791050335925256,0.01626841648144811,0.0369811779776036,0.6676453719484227
1.63,0.27853221250679416,0.015981507779750236,0.03639899607086042,0.6690872836425951
1.635,0.2780369518519005,0.015699157197780783,0.035817943585146915,0.6704459473651716
1.64,0.27761738867700253,0.01542161686310852,0.035239062298098554,0.6717219321617902
1.645,0.27727162975205494,0.015149106355427003,0.03466332380092265,0.6729159400915953
1.65,0.2769977587976606,0.014881814637412338,0.03409163016707665,0.6740287963978503
1.655,0.2767938431502167,0.014619901996789291,0.033524815037422696,0.6750614398155711
1.66,0.2766579398799149,0.0143635019798447,0.03296364507042743,0.6760149130698128
1.665,0.2765881013818153,0.014112723299388048,0.03240882170753286,0.6768903536112636
1.67,0.27658238046227224,0.013867651702772339,0.031860983205898065,0.6776889846290571
1.675,0.27663883494449903,0.013628351788029066,0.03132070689319651,0.6784121063742752
1.68,0.2767555318180913,0.013394868758422558,0.030788511601951448,0.6790610878215344
1.685,0.2769305509579429,0.013167230107781203,0.03026486024391153,0.6796373586903641
1.69,0.2771619884382376,0.012945447230812753,0.029750162488129773,0.6801424018428196
1.695,0.2774479594671465,0.012729516954258767,0.02924477750964027,0.6805777460689542
1.7,0.27778660096754565,0.012519422986194817,0.0287490167788663,0.680944959267393
1.705,0.27817607382854354,0.01231513728204649,0.02826314686508862,0.681245642024321
1.71,0.27861456485191033,0.012116621326977032,0.027787392230410757,0.6814814215907016
1.715,0.2791002884166668,0.01192382733522287,0.027321937993643432,0.6816539462544666
1.72,0.2796314878841555,0.011736699367721619,0.026866932646366384,0.6817648801017563
1.725,0.2802064367649039,0.0115551743700069,0.02642249070609211,0.6818158981589969
1.73,0.2808234396675276,0.011379183132849609,0.025988695293938668,0.681808681905684
1.735,0.2814808330488263,0.01120865117851942,0.025565600626509092,0.6817449151461451
1.74,0.28217698578312217,0.011043499575836696,0.02515323441376945,0.6816262802272716
1.745,0.28291029956778235,0.01088364568739591,0.0247516001566157,0.6814544545882059
1.75,0.28367920918077943,0.010729003852478864,0.02436067933952528,0.6812311076272163
1.755,0.2844821826050746,0.010579486009250322,0.023980433515208014,0.6809578978704669
1.76,0.28531772103357295,0.010435002259849788,0.023610806279511055,0.680636470427066
1.765,0.2861843587674015,0.010295461381970255,0.023251725136002974,0.680268454714625
1.77,0.2870806630193018,0.01016077129045552,0.022903103250674094,0.6798554624395684
1.775,0.2880052336330175,0.010030839452359438,0.02256484109805444,0.6793990858165685
1.78,0.2889567027286901,0.009905573258799337,0.022236828000779186,0.6789008960117312
1.785,0.28993373428345776,0.009784880356807225,0.021918943565235865,0.678362441794499
1.79,0.2909350236556817,0.00966866894424102,0.021611059016419736,0.6777852483836574
1.795,0.29195929706050217,0.009556848030667895,0.021313038435514416,0.6771708164733153
1.8,0.29300531100375077,0.009449327666976214,0.021024739904015724,0.6765206214252572
1.805,0.2940718516806151,0.00934601914631442,0.020746016558437514,0.6758361126146328
1.81,0.29515773434486825,0.009246835178796748,0.020476717559789012,0.6751187129165459
1.815,0.2962618026539316,0.009151690042258931,0.020216688982103007,0.6743698183217064
1.82,0.2973829279945386,0.009060499711193394,0.019965774624331318,0.6735907976699367
1.825,0.29852000879330365,0.008973181965844217,0.019723816749916287,0.6727829924909359
1.83,0.2996719698160752,0.008889656483298161,0.019490656758301222,0.6719477169423255
1.835,0.30083776145955965,0.008809844912269967,0.019266135792565545,0.6710862578356048
1.84,0.30201635903834495,0.00873367093314856,0.019050095287267053,0.6701998747412394
1.845,0.3032067620701243,0.008661060304745784,0.01884237746044973,0.6692898001646802
1.85,0.3044079935616217,0.008591940899071221,0.01864282575363491,0.6683572397856722
1.855,0.30561909929744735,0.008526242725345514,0.018451285223460727,0.6674033727537464
1.86,0.30683914713386473,0.008463897944360173,0.018267602888472744,0.6664293520333023
1.865,0.30806722629922495,0.008404840874194281,0.018091628034400536,0.6654363047921802
1.87,0.30930244670262225,0.00834900798820741,0.017923212481083393,0.6644253328280869
1.875,0.31054393825213994,0.008296337906143248,0.01776221081403532,0.6633975130276815
1.88,0.311790850183892,0.008246771379099722,0.017608480583466982,0.6623538978535413
1.885,0.31304235040291617,0.00820025126904843,0.017461882473411672,0.6612955158546237
1.89,0.3142976248368429,0.008156722523518687,0.01732228044343502,0.6602233721962033
1.895,0.31555587680314534,0.008116132145999187,0.017189541845245123,0.6591384492056103
1.9,0.3168163263906702,0.008078429162552825,0.017063537516361617,0.6580417069304153
1.905,0.3180782098560567,0.008043564585087367,0.016944141852849853,0.6569340837060059
1.91,0.3193407790355683,0.00801149137167603,0.016831232862979936,0.6558164967297756
1.915,0.3206033007727886,0.00798216438427748,0.016724692203530536,0.6546898426394032
1.92,0.3218650563625724,0.007955540344163852,0.016624405200324068,0.6535549980929395
1.925,0.32312534101158547,0.007931577785327996,0.016530260854453242,0.6524128203486331
1.93,0.3243834633157217,0.007910237006106945,0.016442151835539286,0.6512641478426319
1.935,0.32563874475464544,0.007891480019227438,0.01635997446324893,0.650109800762878
1.94,0.326890519203673,0.007875270500450796,0.016283628678190925,0.6489505816176852
1.945,0.3281381324631802,0.007861573735968654,0.016213018003212686,0.6477872757976383
1.95,0.32938094180569877,0.007850356568677453,0.01614804949602416,0.6466206521295994
1.955,0.33061831554084775,0.007841587343438322,0.01608863369398824,0.6454514634217254
1.96,0.3318496325982304,0.007835235851409654,0.01603468455183539,0.6442804469985243
1.965,0.33307428212841844,0.007831273273522283,0.01598611937298406,0.643108325225075
1.97,0.3342916631221372,0.00782967212315149,0.015942858735077687,0.6419358060196334
1.975,0.33550118404776236,0.007830406188026037,0.015904826410283568,0.6407635833539278
1.98,0.33670226250723634,0.007833450471401885,0.015871949280838193,0.6395923377405234
1.985,0.3378943249105146,0.007838781132517124,0.015844157250267568,0.6384227367067006
1.99,0.3390768061686529,0.007846375426334866,0.015821383150659507,0.6372554352543526
1.995,0.3402491494056535,0.00785621164257226,0.015803562646317368,0.6360910763054567
2.0,0.3414108056891912,0.007868269044006405,0.01579063413408125,0.634930291132721
2.005,0.3425612337803486,0.007882527804041672,0.015782538640562966,0.6337736997750466
2.01,0.34369989990249705,0.007898968943517666,0.01577921971650484,0.6326219114374803
2.015,0.3448262775294671,0.00791757426673287,0.015780623328439637,0.6314755248753602
2.02,0.3459398471931615,0.007938326296655734,0.01578669774779923,0.6303351287623833
2.025,0.3470400963107717,0.00796120820929264,0.015797393437592958,0.6292013020423425
2.03,0.3481265190317664,0.007986203767180766,0.01581266293675292,0.6280746142642997
2.035,0.3491986161048295,0.00801329725197332,0.015832460742222387,0.6269556259009745
2.04,0.35025589476493113,0.008042473396084963,0.015856743188845095,0.6258448886501385
2.045,0.3512978686407213,0.00807371731336643,0.01588546832709721,0.6247429457188147
2.05,0.35232405768244174,0.008107014428779395,0.015918595798690288,0.6236503320900882
2.055,0.353333988110554,0.008142350407045529,0.01595608671006223,0.6225675747723379
2.06,0.35432719238528526,0.008179711080247403,0.015997903503764274,0.6214951930307028
2.065,0.35530320919729214,0.008219082374363524,0.016044009827745148,0.6204336986005989
2.07,0.35626158347964254,0.008260450234725153,0.01609437040252874,0.6193835958831033
2.075,0.3572018664413103,0.008303800550388896,0.01614895088627893,0.6183453821220216
2.08,0.358123615622372,0.008349119077426154,0.016207717737744466,0.6173195475624571
2.085,0.35902639497108496,0.008396391361138544,0.016270638077077963,0.6163065755906982
2.09,0.3599097749430145,0.008445602657217268,0.016337679544526286,0.6153069428552417
2.095,0.3607733326223623,0.008496737851874138,0.01640881015699461,0.6143211193687688
2.1,0.36161665186562875,0.00854978138098257,0.016483998162493376,0.6133495685908951
2.105,0.36243932346772145,0.008604717148278358,0.01656321189248615,0.6123927474915138
2.11,0.363240945350593,0.008661528442682356,0.01664641961216707,0.6114511065945574
2.115,0.3640211227744637,0.008720197854820401,0.016733589368709,0.6105250900020067
2.12,0.36477946857164883,0.008780707192829858,0.01682468883753778,0.6096151353979834
2.125,0.3655156034029707,0.008843037397557,0.016919685166704092,0.6087216740327681
2.13,0.3662291560366934,0.008907168457265096,0.01701854481944233,0.607845130686599
2.135,0.3669197636498693,0.008973079321989529,0.017121233415025375,0.6069859236131157
2.14,0.36758707215193115,0.009040747817693304,0.017227715568045653,0.6061444644623297
2.145,0.3682307365303094,0.009110150560394189,0.01733795472627575,0.6053211581830205
2.15,0.3688504212177858,0.009181262870453089,0.017451913007286598,0.6045164029044744
2.155,0.369445800481229,0.009254058687232175,0.017569551034027405,0.6037305897975113
2.16,0.3700165588312836,0.009328510484350691,0.017690827769599363,0.6029641029147662
2.165,0.3705623914525019,0.009404589185786086,0.017815700351484224,0.6022173190102277
2.17,0.37108300465332716,0.009482264083088075,0.01794412392551947,0.6014906073380653
2.175,0.3715781163352438,0.009561502753993385,0.01807605147994349,0.6007843294308193
2.18,0.3720474564803178,0.009642270982748963,0.018211433679867054,0.6000988388570662
2.185,0.3724907676562494,0.009724532682471402,0.018350218702561177,0.599434480958718
2.19,0.3729078055379563,0.009808249819889888,0.018492352073986064,0.5987915925681677
2.195,0.3732983394445976,0.009893382342839145,0.01863777650702099,0.5981705017055422
2.2,0.373662152890835,0.009979888110887132,0.018786431741890583,0.5975715272563872
2.205,0.37399904415101237,0.01006772282949987,0.018938254389318707,0.5969949786301689
2.21,0.3743088268348154,0.010156839988162036,0.019093177776976722,0.5964411554000457
2.215,0.3745913304728505,0.010247190802887067,0.01925113179982825,0.5959103469244341
2.22,0.3748464011104587,0.010338724163563863,0.019412042775007077,0.5954028319509703
2.225,0.375073901907956,0.010431386586598807,0.019575833301898368,0.5949188782035468
2.23,0.3752737137453635,0.01052512217332127,0.019742422128125665,0.5944587419531896
2.235,0.3754457358295686,0.010619872574627844,0.019911724022176492,0.5940226675736271
2.24,0.37558988630173157,0.010715576962345008,0.020083649653427814,0.5936108870824957
2.245,0.37570610284263195,0.01081217200779149,0.020258105480358356,0.5932236196692182
2.25,0.3757943432735294,0.010909591868019887,0.020434993647757676,0.5928610712106931
2.255,0.3758545861500001,0.011007768180212095,0.020614211893761218,0.5925234337760267
2.26,0.3758868313461009,0.011106630064694254,0.02079565346755626,0.5922108851216487
2.265,0.3758911006261111,0.011206104137024253,0.02097920705861479,0.59192358817825
2.27,0.37586743820100826,0.011306114529587914,0.021164756738315936,0.591661690531088
2.275,0.37581591126674985,0.011406582923118823,0.021352181914821636,0.5914253238953098
2.28,0.37573661052135765,0.011507428588530965,0.021541357302064915,0.5912146035880466
2.285,0.3756296506577405,0.011608568439422937,0.021732152903699377,0.5910296279991373
2.29,0.3754951708291418,0.011709917095577308,0.02192443401284148,0.5908704780624395
2.295,0.3753333350840633,0.011811386957738665,0.022118061228412977,0.5907372167297852
2.3,0.37514433276749903,0.011912888293909012,0.022312890488859507,0.5906298884497326
2.305,0.37492837888531055,0.01201432933734945,0.022508773123982372,0.5905485186533578
2.31,0.3746857144285921,0.01211561639642265,0.022705555925573558,0.5904931132494119
2.315,0.3744166066549096,0.012216653976351527,0.022903081237489152,0.5904636581312499
2.32,0.3741213493233537,0.012317344912906135,0.023101187065733032,0.5904601186980073
2.325,0.3738002628804238,0.012417590517963204,0.023299707209051262,0.590482439392562
2.33,0.37345369459385863,0.012517290736811359,0.023498471410457748,0.5905305432588724
2.335,0.3730820186316514,0.012616344317000337,0.023697305530023773,0.5906043315213246
2.34,0.3726856360836282,0.01271464898845484,0.02389603173916792,0.5907036831887492
2.345,0.3722649749231383,0.012812101654493516,0.024094468736579222,0.5908284546857892
2.35,0.3718204899065918,0.01290859859331179,0.02429243198579518,0.5909784795143015
2.355,0.37135266240879233,0.013004035669404165,0.024489733974338387,0.5911535679474653
2.36,0.3708620001922478,0.013098308554318198,0.02468618449419121,0.591353506759243
2.365,0.3703490371088943,0.013191312956049273,0.024881590943258244,0.5915780589917984
2.37,0.3698143327329468,0.013282944856303274,0.025075758647331706,0.5918269637634185
2.375,0.36925847192388256,0.013373100754774344,0.025268491201936506,0.5920999361194068
2.38,0.3686820643188765,0.013461677919507743,0.025459590833290732,0.5923966669283252
2.385,0.3680857437543347,0.013548574642344494,0.025648858777474224,0.5927168228258467
2.39,0.36747016761651524,0.013633690498375744,0.02583609567675472,0.5930600462083544
2.395,0.36683601612157835,0.013716926608271535,0.026021101991878386,0.5934259552782718
2.4,0.3661839915257715,0.013798185902291916,0.026203678428991076,0.5938141441429455
2.405,0.36551481726682405,0.013877373384738694,0.026383626379719805,0.5942241829687175
2.41,0.36482923703800046,0.013954396397564517,0.026560748372811742,0.5946556181916234
2.415,0.3641280137966356,0.014029164881823193,0.02673484853560256,0.5951079727859387
2.42,0.3634119287093488,0.014101591635621672,0.026905733063468024,0.5955807465915616
2.425,0.36268178003650053,0.01417159256722064,0.027073210695304238,0.5960734167009747
2.43,0.36193838195881617,0.014239086941927694,0.027237093192984084,0.5965854379062722
2.435,0.36118256334944876,0.014303997621434781,0.027397195822651352,0.5971162432064653
2.44,0.36041516649508704,0.014366251294270542,0.027553337835641577,0.597665244375001
2.445,0.35963704577003114,0.014425778696068151,0.027705342946760178,0.5982318325871407
2.45,0.35884906626745444,0.014482514818390545,0.027853039807605767,0.5988153791065495
2.455,0.3580521023923417,0.014536399104907219,0.02799626247259999,0.5994152360301513
2.46,0.35724703642084166,0.014587375633779796,0.02813485085537593,0.6000307370900029
2.465,0.356434757030989,0.014635393285187063,0.028268651173185284,0.6006611985106389
2.47,0.35561615780993905,0.014680405893003333,0.028397516377011132,0.6013059199200468
2.475,0.3547921357430148,0.01472237237973644,0.02852130656511747,0.6019641853121316
2.48,0.3539635896899852,0.014761256873932349,0.028639889377829877,0.602635264058253
2.485,0.3531314188540819,0.014797028809361533,0.028753140371422483,0.6033184119651345
2.49,0.35229652124931177,0.014829663005416802,0.02886094336908516,0.6040128723761866
2.495,0.3514597921716348,0.014859139728272155,0.028963190787060382,0.604717877313033
2.5,0.350622122679556,0.014885444732476227,0.029059783934171215,0.6054326486537969
2.505,0.34978439808961914,0.014908569282780811,0.02915063328310861,0.6061563993444917
2.51,0.3489474964921965,0.014928510156133449,0.02923565871200734,0.606888334639663
2.515,0.34811228729283694,0.014945269623892001,0.029314789715013154,0.6076276533682582
2.52,0.34727962978427335,0.014958855414446954,0.029387965580728266,0.6083735492205518
2.525,0.34645037175399296,0.014969280656562946,0.029455135537615952,0.6091252120518285
2.53,0.34562534813205087,0.01497656380387316,0.02951625886564628,0.60988182919843
2.535,0.3448053796835521,0.01498072854107769,0.029571304973671827,0.6106425868016987
2.54,0.34399127174995153,0.014981803672508707,0.029620253442232746,0.6114066711353073
2.545,0.3431838130430179,0.014979822993830084,0.02966309403170271,0.6121732699314496
2.55,0.342383774494991,0.014974825147736142,0.029699826655899042,0.6129415737013741
2.555,0.341591908168121,0.01496685346460259,0.029730461321489883,0.6137107770457868
2.56,0.340808946226431,0.014955955789121789,0.029755018033736442,0.6144800799507111
2.565,0.34003559997218186,0.014942184294023537,0.029773526669307406,0.6152486890644875
2.57,0.3392725589491513,0.014925595282041333,0.029786026817093705,0.616015818951714
2.575,0.33852049011446694,0.014906248977332004,0.02979256758813331,0.6167806933200681
2.58,0.3377800370803601,0.014884209307593715,0.029793207395926034,0.6175425462161206
2.585,0.3370518194268376,0.014859543678153477,0.0297880137085761,0.6183006231864332
2.59,0.3363364320859022,0.014832322739310554,0.029777062774344148,0.6190541824004435
2.595,0.33563444479759447,0.014802620148226706,0.029760439322319632,0.6198024957318596
2.6,0.33494640163778266,0.014770512326648519,0.029738236240037994,0.6205448497955313
2.605,0.3342728206172904,0.014736078215731328,0.029710554229964204,0.6212805469370145
2.61,0.33361419335163367,0.014699399029209253,0.02967750144684473,0.6220089061723127
2.615,0.33297098480033355,0.014660558006122006,0.029639193117993325,0.6227292640755515
2.62,0.3323436330744872,0.014619640164267261,0.029595751148622333,0.6234409756126236
2.625,0.33173254931101337,0.014576732055498151,0.029547303714360592,0.6241434149191283
2.63,0.3311381176117438,0.014531921523929752,0.029493984843111578,0.6248359760212153
2.635,0.33056069504530994,0.01448529746805695,0.029435933988401965,0.6255180734982316
2.64,0.3300006117095725,0.0144369496077199,0.029373295596351674,0.6261891430863564
2.645,0.3294581708521638,0.014386968256782982,0.02930621866836257,0.6268486422226912
2.65,0.3289336490465579,0.01433544410231993,0.02923485632157518,0.6274960505295475
2.655,0.32842729642095136,0.014282467991022152,0.029159365349082183,0.6281308702389449
2.66,0.3279393369371259,0.014228130723470284,0.029079905781814835,0.6287526265575896
2.665,0.32746996871637957,0.014172522856831318,0.02899664045393551,0.6293608679728542
2.67,0.3270193644095433,0.014115734516466092,0.02890973457347691,0.6299551665005142
2.675,0.32658767160805663,0.01405785521685512,0.028819355299867844,0.6305351178752209
2.68,0.326175013293048,0.013998973692175405,0.028725671329877866,0.6311003416848991
2.685,0.32578148831936043,0.013939177736787515,0.028628852493399935,0.6316504814504526
2.69,0.32540717193147095,0.01387855405582141,0.028529069360372552,0.6321852046523355
2.695,0.32505211630828046,0.013817188125981688,0.028426492860022298,0.632704202705716
2.7,0.32471635113379227,0.013755164066628495,0.028321293913484948,0.6332071908860948
2.705,0.3243998841907522,0.013692564521129602,0.028213643080739946,0.6336939082073787
2.71,0.3241027019743927,0.013629470548422444,0.028103710222669845,0.6341641172545155
2.715,0.32382477032350077,0.013565961524672309,0.02799166417893445,0.6346176039728929
2.72,0.3235660350661211,0.013502115054864636,0.027877672462229615,0.6350541774167852
2.725,0.32332642267730094,0.013438006894125552,0.027761900969384086,0.6354736694591899
2.73,0.3231058409463904,0.013373710878525348,0.02764451370963483,0.6358759344654499
2.735,0.32290417965152146,0.013309298865084666,0.02752567255031285,0.6362608489330814
2.74,0.32272131123900594,0.013244840680672547,0.027405536980068167,0.6366283111002538
2.745,0.32255709150551165,0.013180404079459185,0.027284263889664713,0.6369782405253649
2.75,0.3224113602809997,0.013116054708564103,0.02716200737028387,0.6373105776401528
2.755,0.3222839421105284,0.013051856081522246,0.027038918529189736,0.63762528327876
2.76,0.32217464693315623,0.012987869559176192,0.0269151453225298,0.6379223381851382
2.765,0.3220832707562995,0.012924154337591896,0.02679083240497211,0.6382017425011369
2.77,0.3220095963240264,0.012860767442588036,0.026666120995813915,0.638463515237572
2.775,0.3219533937778904,0.012797763730464845,0.026541148761137518,0.6387076937305076
2.78,0.32191442130902714,0.01273519589451699,0.02641604971153637,0.6389343330849199
2.785,0.3218924258003575,0.012673114476916507,0.026290954114888316,0.6391435056078381
2.79,0.32188714345785285,0.01261156788555557,0.026165988423613208,0.6393353002329787
2.795,0.3218983004299316,0.012550602415444896,0.026041275215818397,0.6395098219388055
2.8,0.3219256134141613,0.01249026227427153,0.02591693314970818,0.6396671911618593
2.805,0.3219687902505454,0.012430589611729404,0.025793076930611194,0.6398075432071143
2.81,0.32202753050077154,0.012371624552247213,0.0256698172899633,0.6399310276570183
2.815,0.32210152601289166,0.012313405230750507,0.0255472609755719,0.6400378077807862
2.82,0.32219046147099495,0.012255967831108413,0.02542551075248096,0.640128059945416
2.825,0.3222940149295168,0.012199346626929676,0.025304665413753626,0.6402019730298002
2.83,0.32241185833190855,0.01214357402438772,0.02518481980049095,0.640259747843213
2.835,0.3225436580134654,0.012088680606769943,0.025066064830410698,0.6403015965493543
2.84,0.3226890751881808,0.012034695180462338,0.024948487534318862,0.6403277420970384
2.845,0.3228477664195596,0.01198164482209659,0.02483217109981825,0.640338417658526
2.85,0.3230193840753828,0.011929554926602966,0.024717194921612923,0.6403338660764017
2.855,0.3232035767664714,0.011878449255928457,0.024603634657783917,0.6403143393198166
2.86,0.32339998976954887,0.011828349988195604,0.024491562291430548,0.6402800979508254
2.865,0.32360826543434684,0.011779277767093222,0.024381046197091933,0.6402314106014684
2.87,0.3238280435751422,0.011731251751305656,0.024272151211385387,0.6401685534621672
2.875,0.32405896184695093,0.011684289663802323,0.02416493870732139,0.6400918097819258
2.88,0.32430065610663916,0.011638407840823883,0.024059466671778815,0.6400014693807586
2.885,0.324552760759242,0.011593621280415597,0.023955789785648867,0.639897828174694
2.89,0.3248149090898082,0.011549943690371996,0.02385395950618123,0.639781187713639
2.895,0.32508673358111195,0.011507387535470119,0.023754024151091478,0.6396518547323269
2.9,0.3253678662175945,0.01146596408388105,0.02365602898401425,0.6395101407145106
2.905,0.32565793877591526,0.011425683452661395,0.023560016300912184,0.6393563614705116
2.91,0.3259565831025071,0.011386554652237648,0.023466025517075818,0.6391908367281799
2.915,0.3262634313785433,0.011348585629807097,0.02337409325437461,0.6390138897372755
2.92,0.3265781163727328,0.011311783311589,0.023284253428443615,0.6388258468872351
2.925,0.3269002716823682,0.011276153643869255,0.023196537335514262,0.6386270373382489
2.93,0.3272295319630567,0.011241701632790688,0.023110973738620914,0.6384177926655323
2.935,0.3275655331475681,0.011208431382849387,0.023027588952937432,0.6381984465166457
2.94,0.32790791265423397,0.011176346134065308,0.022946406930019675,0.6379693342816817
2.945,0.3282563095853353,0.011145448297802493,0.022867449340750884,0.637730792776112
2.95,0.3286103649159112,0.011115739491221039,0.02279073565680692,0.6374831599360615
2.955,0.3289697216734217,0.011087220570349011,0.022716283230477554,0.6372267745257525
2.96,0.32933402510869114,0.011059891661768278,0.02264410737269834,0.636961975856843
2.965,0.3297029228585556,0.011033752192913405,0.022574221429164976,0.6366891035193668
2.97,0.33007606510063053,0.011008800920987572,0.022506636854418584,0.6364084971239642
2.975,0.33045310470060774,0.010985035960503828,0.0224413632838059,0.6361204960550835
2.98,0.3308336973524845,0.010962454809464008,0.02237840860323311,0.6358254392348193
2.985,0.33121750171211706,0.010941054374191232,0.022317779016645844,0.6355236648970468
2.99,0.33160417952448296,0.0109208309928352,0.022259479111180824,0.6352155103715019
2.995,0.3319933957450268,0.010901780457572438,0.022203511919946798,0.6349013118774549
3.0,0.33238481865545294,0.01088389803552632,0.022149878982403677,0.634581404326618
3.005,0.33277811997431916,0.010867178488434078,0.02209858040231934,0.6342561211349285
3.01,0.3331729749627731,0.01085161609109014,0.022049614903293345,0.6339257940428444
3.015,0.3335690625257629,0.010837204648597018,0.022002979881845866,0.6335907529437953
3.02,0.33396606530904116,0.010823937512456664,0.021958671458078498,0.6332513257204248
3.025,0.33436366979226967,0.010811807595536724,0.021916684523921332,0.6329078380882733
3.03,0.33476156637852017,0.010800807385947351,0.021877012788987783,0.6325606134465458
3.035,0.33515944948045445,0.010790928959865479,0.021839648824065166,0.632209972735616
3.04,0.3355570176034545,0.01078216399334437,0.021804584102274985,0.6318562343009272
3.045,0.3359539734259606,0.010774503773147185,0.021771809037942323,0.6314997137629509
3.05,0.3363500238772636,0.010767939206644025,0.0217413130232187,0.6311407238928747
3.055,0.3367448802129841,0.010762460830812538,0.02171308446250728,0.630779574493697
3.06,0.33713825808845915,0.010758058820382763,0.02168711080474335,0.6304165722864157
3.065,0.3375298776302442,0.010754722995167292,0.02166337857358674,0.6300520208010026
3.07,0.33791946350592583,0.010752442826618273,0.021641873395586146,0.6296862202718707
3.075,0.3383067449924269,0.010751207443653028,0.021622580026378343,0.6293194675375428
3.08,0.33869145604297524,0.010751005637790384,0.021605482374987946,0.6289520559442475
3.085,0.3390733353528921,0.010751825867639973,0.021590563526295774,0.6285842752531733
3.09,0.3394521264243459,0.010753656262786944,0.021577805761746074,0.6282164115511222
3.095,0.3398275776302032,0.01075648462711463,0.021567190578364644,0.6278487471643186
3.1,0.3401994422770967,0.01076029844160781,0.021558698706161773,0.6274815605751348
3.105,0.340567478667818,0.010765084866679257,0.02155231012399519,0.6271151263415087
3.11,0.3409314501631304,0.010770830744062244,0.021548004073969725,0.6267497150188387
3.115,0.3412911252430844,0.01077752259831172,0.021545759074451335,0.6263855930841536
3.12,0.3416462775679069,0.010785146637956801,0.02154555293177433,0.6260230228623631
3.125,0.34199668603852307,0.010793688756347147,0.02154736275072131,0.6256622624544096
3.13,0.34234213485675796,0.010803134532235751,0.021551164943856168,0.6253035656671512
3.135,0.34268241358525237,0.010813469230140472,0.021556935239791068,0.6249471819448171
3.14,0.34301731720711687,0.010824677800526601,0.0215646486904688,0.6245933563018888
3.145,0.34334664618533545,0.010836744879852483,0.021574279677542323,0.6242423292572709
3.15,0.3436702065219196,0.010849654790520068,0.021585801917933616,0.6238943367696278
3.155,0.34398780981680116,0.010863391540772031,0.021599188468654117,0.6235496101737737
3.16,0.3442992733264424,0.0108779388245768,0.021614411730969205,0.6232083761180127
3.165,0.3446044200221298,0.010893280021542554,0.021631443453989162,0.6228708565023395
3.17,0.34490307864790815,0.010909398196900885,0.02165025473776904,0.622537268417423
3.175,0.34519508377809943,0.010926276101600426,0.0216708160359997,0.6222078240843015
3.18,0.3454802758743428,0.010943896172550328,0.021693097158372032,0.6218827307947359
3.185,0.34575850134207936,0.010962240533052931,0.0217170672726962,0.6215621908521726
3.19,0.34602961258639725,0.01098129099346447,0.021742694906857107,0.6212464015132823
3.195,0.34629346806714223,0.011001029052121986,0.02176994795068708,0.6209355549300498
3.2,0.34654993235318926,0.011021435896574016,0.021798793657835932,0.6206298380924019
3.205,0.346798876175762,0.011042492405151785,0.02182919864771807,0.6203294327713693
3.21,0.3470401764806782,0.011064179148916897,0.02186112890761536,0.6200345154627906
3.215,0.3472737164793905,0.011086476394020554,0.0218945497950137,0.6197452573315764
3.22,0.3474993856986834,0.011109364104508383,0.021929426040250156,0.6194618241565591
3.225,0.3477170800288813,0.011132821945603872,0.021965721749546346,0.6191843762759696
3.23,0.3479267017704131,0.011156829287502248,0.02200340040850257,0.6189130685335831
3.235,0.3481281596785736,0.011181365209705382,0.02204242488612573,0.6186480502255963
3.24,0.3483213690063143,0.011206408505926977,0.022082757439462447,0.6183894650482973
3.245,0.34850625154489245,0.011231937689595788,0.022124359718907294,0.6181374510466054
3.25,0.3486827356621993,0.011257930999983132,0.02216719277425394,0.6178921405635646
3.255,0.34885075633858526,0.011284366408979247,0.022211217061555204,0.6176536601908813
3.26,0.34901025519999557,0.01131122162854131,0.02225639245085566,0.6174221307206085
3.265,0.3491611805482262,0.011338474118834064,0.02230267823485821,0.6171976670980825
3.27,0.34930348738810607,0.011366101097081985,0.022350033138583362,0.6169803783762297
3.275,0.3494371374514109,0.011394079547149901,0.022398415330077356,0.616770367671363
3.28,0.349562099217311,0.011422386229866728,0.022447782432222233,0.6165677321206011
3.285,0.34967834792915536,0.0114509976941047,0.022498091535697953,0.616372562841043
3.29,0.3497858656073936,0.011479890288624136,0.02254929921314328,0.61618494489084
3.295,0.34988464105843875,0.011509040174691175,0.022601361534558724,0.6160049572323123
3.3,0.349974669879274,0.01153842333947345,0.02265423408399108,0.6158326726972624
3.305,0.35005595445761023,0.011568015610215901,0.022707871977535266,0.6156681579546396
3.31,0.3501285039674026,0.011597792669196194,0.022762229882685076,0.6155114734807171
3.315,0.35019233435953967,0.011627730069456377,0.022817262039060177,0.6153626735319447
3.32,0.3502474683475219,0.011657803251304503,0.022872922280532268,0.6152218061206423
3.325,0.3502939353879528,0.011687987559576925,0.022929164058768645,0.6150889129937026
3.33,0.3503317716556713,0.011718258261649017,0.02298594046820666,0.6149640296144739
3.335,0.35036102001336283,0.011748590566178949,0.023043204272467595,0.6148471851479915
3.34,0.35038172997549183,0.011778959642566061,0.023100907932213272,0.6147384024497298
3.345,0.35039395766640996,0.011809340641102263,0.023159003634443644,0.6146376980580451
3.35,0.35039776577250215,0.011839708713791749,0.023217443323228004,0.6145450821904791
3.355,0.35039322348824387,0.011870039035811193,0.023276178731857135,0.6144605587440888
3.36,0.3503804064560536,0.011900306827579487,0.023335161416398006,0.6143841252999699
3.365,0.35035939669983746,0.011930487377402968,0.02339434279062703,0.6143157731321335
3.37,0.35033028255213416,0.011960556064659128,0.023453674162312057,0.6142554872208956
3.375,0.3502931585747838,0.011990488383478725,0.023513106770807604,0.6142032462709308
3.38,0.3502481254730562,0.012020259966883405,0.023572591825921946,0.6141590227341394
3.385,0.3501952900031908,0.012049846611333105,0.023632080548008895,0.6141227828374681
3.39,0.35013476487331424,0.01207922430163479,0.02369152420923136,0.6140944866158206
3.395,0.35006666863771896,0.012108369236161548,0.023750874175938023,0.6140740879501824
3.4,0.3499911255845009,0.012137257852328593,0.02381008195208882,0.6140615346110826
3.405,0.3499082656165727,0.012165866852270458,0.023869099223659384,0.6140567683074984
3.41,0.3498182241260851,0.01219417322866154,0.023927877903949134,0.6140597247413052
3.415,0.34972114186230757,0.012222154290620239,0.023986370179712536,0.6140703336673606
3.42,0.3496171647930355,0.01224978768963517,0.024044528558027845,0.6140885189593025
3.425,0.3495064439596111,0.012277051445450434,0.02410230591381289,0.6141141986811266
3.43,0.34938913532566207,0.012303923971845605,0.02415965553789274,0.6141472851646006
3.435,0.3492653996196802,0.012330384102245026,0.024216531185519755,0.6141876850925561
3.44,0.3491354021715809,0.012356411115090204,0.024272887125242497,0.6142352995880874
3.445,0.34899931274340235,0.012381984758908489,0.024328678188016078,0.6142900243096742
3.45,0.3488573053543195,0.01240708527701093,0.024383859816443292,0.6143517495522273
3.455,0.3487095581001687,0.01243169343175218,0.02443838811403264,0.6144203603540476
3.46,0.34855625296769194,0.012455790528285516,0.024492219894356834,0.6144957366096668
3.465,0.3483975756437308,0.012479358437746592,0.02454531272999303,0.6145777531885307
3.47,0.34823371531961245,0.012502379619800318,0.024597625001124227,0.6146662800594641
3.475,0.34806486449098867,0.012524837144486331,0.024649115943679918,0.6147611824208462
3.48,0.34789121875340295,0.012546714713299911,0.02469974569689312,0.6148623208364051
3.485,0.34771297659387457,0.012567996679446785,0.02474947535015051,0.6149695513765292
3.49,0.3475303391788031,0.012588668067212205,0.024798266989012337,0.6150827257649735
3.495,0.34734351013850906,0.012608714590386868,0.024846083740279478,0.6152016915308257
3.5,0.3471526953487384,0.01262812266969464,0.02489288981598585,0.6153262921655822
3.505,0.3469581027094691,0.012646879449169812,0.024938650556196058,0.6154563672851661
3.51,0.34675994192136883,0.01266497281143446,0.02498333247049012,0.6155917527967076
3.515,0.34655842426026034,0.012682391391829698,0.025026903278019708,0.6157322810698913
3.52,0.3463537623499597,0.012699124591357991,0.025069331946023277,0.6158777811126601
3.525,0.3461461699338588,0.0127151625883972,0.025110588726691082,0.6160280787510539
3.53,0.3459358616456295,0.012730496349150851,0.02515064519227494,0.6161829968129457
3.535,0.3457230527794289,0.012745117636803024,0.02518947426834216,0.616342355315427
3.54,0.3455079590599914,0.012759019019350271,0.02522705026507789,0.6165059716555815
3.545,0.34529079641299193,0.012772193876087239,0.02526334890654537,0.6166736608043766
3.55,0.3450717807360666,0.012784636402726863,0.025298347357819464,0.6168452355033882
3.555,0.34485112767087606,0.012796341615140476,0.02533202424991472,0.6170205064640699
3.56,0.3446290523765947,0.012807305351707534,0.025364359702435807,0.6171992825692632
3.565,0.3444057693052051,0.012817524274269137,0.025395335343884818,0.6173813710766421
3.57,0.34418149197897324,0.012826995867684066,0.025424934329566964,0.6175665778237769
3.575,0.343956432770474,0.012835718437990463,0.025453141357043563,0.6177547074344931
3.58,0.3437308026855291,0.012843691109180783,0.0254799426790886,0.6179455635262027
3.585,0.3435048111494126,0.01285091381860202,0.0255053261141129,0.6181389489178736
3.59,0.343278665796669,0.012857387310997526,0.025529281054027794,0.6183346658383068
3.595,0.3430525722648789,0.012863113131211005,0.025551798469528014,0.6185325161343832
3.6,0.3428267339926971,0.012868093615577326,0.025572870912781636,0.6187323014789451
3.605,0.34260135202247427,0.012872331882028833,0.025592492517522884,0.6189338235779752
3.61,0.3423766248077613,0.012875831818949593,0.025610658996551613,0.6191368843767386
3.615,0.3421527480259819,0.01287859807281374,0.02562736763665131,0.6193412862645542
3.62,0.341929914396543,0.012880636034647463,0.025642617290945278,0.6195468322778653
3.625,0.3417083135046396,0.012881951825357549,0.025656408368718468,0.6197533263012855
3.63,0.3414881316309917,0.012882552279972318,0.025668742822740002,0.6199605732662972
3.635,0.34126955158773814,0.012882444930843721,0.02567962413412884,0.6201683793472904
3.64,0.3410527525606921,0.012881637989861873,0.025689057294812214,0.6203765521546348
3.645,0.3408379099581476,0.012880140329735664,0.025697048787633323,0.6205849009244845
3.65,0.340625195266408,0.01287796146439517,0.0257036065641715,0.6207932367050264
3.655,0.34041477591219044,0.012875111528573393,0.025708740020344227,0.621001372538893
3.66,0.34020681513204093,0.012871601256626439,0.025712459969866396,0.6212091236414673
3.665,0.3400014718488781,0.012867441960652494,0.02571477861564782,0.6214163075748227
3.67,0.3397989005557643,0.012862645507971058,0.025715709519215105,0.6216227444170507
3.675,0.33959925120698575,0.012857224298024569,0.025715267568248826,0.621828256926742
3.68,0.33940266911650485,0.012851191238765117,0.025713468942331313,0.6220326707023999
3.685,0.33920929486383034,0.012844559722589164,0.02571033107700422,0.6222358143365775
3.69,0.33901926420733336,0.012837343601883171,0.025705872626238555,0.6224375195645462
3.695,0.33883270800502074,0.012829557164242788,0.02570011342342289,0.6226376214073148
3.7,0.3386497521427596,0.012821215107427739,0.025693074440977907,0.622835958308836
3.705,0.33847051746993123,0.01281233251411386,0.02568477774870767,0.6230323722672485
3.71,0.33829511974247656,0.012802924826502757,0.025675246470999565,0.6232267089600224
3.715,0.33812366957327994,0.012793007820848423,0.02566450474298598,0.623418817862887
3.72,0.3379562723898234,0.012782597581958802,0.025652577665781624,0.6236085523624375
3.725,0.3377930283990292,0.012771710477728768,0.02563949126091055,0.6237957698623329
3.73,0.3376340325591956,0.012760363133759275,0.025625272424036852,0.6239803318830096
3.735,0.3374793745589172,0.012748572408115581,0.02560994887811238,0.6241621041548562
3.74,0.33732913880286947,0.012736355366275485,0.02559354912605385,0.6243409567048025
3.745,0.3371834044043261,0.012723729256316336,0.025576102403060377,0.6245167639362985
3.75,0.33704224518426634,0.0127107114843874,0.025557638628680556,0.6246894047026671
3.755,0.3369057296769204,0.012697319590511786,0.025538188358736356,0.6248587623738329
3.76,0.3367739211415915,0.012683571224759766,0.025517782737208387,0.6250247248964418
3.765,0.3366468775805846,0.012669484123832783,0.025496453448184533,0.6251871848473995
3.77,0.336524651763065,0.012655076088094956,0.02547423266797081,0.6253460394808706
3.775,0.33640729125466234,0.01264036495908629,0.025451153017460013,0.6255011907687927
3.78,0.33629483845263014,0.012625368597549166,0.025427247514850218,0.6256525454349718
3.785,0.33618733062636535,0.012610104861997103,0.025402549528801343,0.6258000149828375
3.79,0.33608479996308804,0.01259459158785217,0.025377092732114102,0.6259435157169471
3.795,0.3359872736184776,0.012578846567174755,0.025350911056011526,0.6260829687583375
3.8,0.33589477377205834,0.012562887529006863,0.02532403864509893,0.6262183000538372
3.805,0.33580731768712585,0.012546732120347555,0.025296509813073884,0.6263494403794541
3.81,0.3357249177750022,0.012530397887776585,0.02526835899925318,0.6264763253379694
3.815,0.3356475816634089,0.012513902259739878,0.02523962072597932,0.6265988953508732
3.82,0.33557531226874493,0.01249726252950804,0.025210329556964353,0.6267170956447841
3.825,0.33550810787205665,0.012480495838816826,0.02518052005662439,0.6268308762325036
3.83,0.3354459621984894,0.012463619162196134,0.025150226750453353,0.6269401918888625
3.835,0.33538886450000877,0.012446649291992023,0.02511948408647997,0.6270450021215206
3.84,0.33533679964118457,0.012429602824084084,0.025088326397847475,0.6271452711368852
3.845,0.3352897481878293,0.012412496144298511,0.02505678786655087,0.6272409678013227
3.85,0.3352476864982891,0.012395345415515352,0.025024902488362182,0.6273320655978347
3.855,0.3352105868171853,0.012378166565466558,0.024992704038969787,0.6274185425783797
3.86,0.3351784173714098,0.01236097527521979,0.024960226041353548,0.6275003813120181
3.865,0.3351511424681815,0.01234378696834132,0.024927501734413417,0.627577568829065
3.87,0.3351287225949736,0.012326616800729879,0.02489456404286506,0.6276500965614328
3.875,0.3351111145211278,0.012309479651111899,0.024861445548412194,0.6277179602793495
3.88,0.33509827140097526,0.012292390112187329,0.024828178462201568,0.6277811600246372
3.885,0.33509014287828903,0.012275362482414032,0.024794794598562903,0.6278397000407354
3.89,0.33508667519189833,0.012258410758417652,0.02476132535003271,0.6278935886996527
3.895,0.33508781128229975,0.01224154862801293,0.02472780166365758,0.6279428384260312
3.9,0.33509349089910645,0.012224789463821526,0.024694254018569516,0.6279874656185039
3.905,0.33510365070918174,0.01220814631747068,0.024660712404822864,0.6280274905685261
3.91,0.3351182244053093,0.012191631914356302,0.02462720630347978,0.628062937376856
3.915,0.3351371428152574,0.012175258648953595,0.024593764667928508,0.6280938338678619
3.92,0.3351603340111017,0.012159038580657722,0.024560415906416416,0.6281202115018256
3.925,0.33518772341867487,0.01214298343013673,0.024527187865777563,0.6281421052854123
3.93,0.33521923392701963,0.01212710457617852,0.0244941078163325,0.6281595536804707
3.935,0.3352547859977255,0.012111413053013522,0.02446120243793624,0.6281725985113261
3.94,0.3352942977740362,0.01209591954809447,0.024428497807148654,0.6281812848707221
3.945,0.33533768518962065,0.012080634400314665,0.024396019385500012,0.6281856610245661
3.95,0.3353848620769058,0.01206556759864606,0.024363792008823215,0.6281857783156263
3.955,0.33543574027487494,0.012050728781178539,0.024331839877622954,0.6281816910663249
3.96,0.33549022973624054,0.01203612723454187,0.024300186548451185,0.6281734564807677
3.965,0.33554823863390737,0.012021771893692017,0.024268854926257393,0.6281611345461445
3.97,0.3356096734666446,0.012007671342043653,0.024237867257681487,0.6281447879336315
3.975,0.335674439163893,0.011993833811931007,0.024207245125256634,0.6281244818989206
3.98,0.33574243918963625,0.011980267185379487,0.024177009442488934,0.6281002841824965
3.985,0.33581357564527264,0.011966978995170883,0.024147180449780536,0.6280722649097772
3.99,0.33588774937142524,0.011953976426185309,0.024117777711162785,0.628040496491228
3.995,0.3359648600486359,0.011941266317003497,0.02408882011180579,0.6280050535225561
4.0,0.336044806296891,0.011928855161753484,0.0240603258562711,0.6279660126850857
4.005,0.33612748577393137,0.011916749112186223,0.024032312467474167,0.6279234526464095
4.01,0.33621279527230385,0.011904953979965134,0.024004796786323765,0.6278774539614085
4.015,0.3363006308151143,0.011893475239155162,0.02397779497200579,0.6278280989737259
4.02,0.3363908877504466,0.011882318028897396,0.023951322502879378,0.6277754717177778
4.025,0.33648346084441555,0.011871487156255906,0.023925394177953894,0.6277196578213758
4.03,0.33657824437282396,0.01186098709922398,0.023900024118915838,0.6276607444090374
4.035,0.3366751322113992,0.011850822009877533,0.023875225772675552,0.6275988200060489
4.04,0.3367740179245853,0.011840995717664029,0.02385101191440423,0.6275339744433477
4.045,0.3368747948528708,0.011831511732815823,0.02382739465103263,0.627466298763282
4.05,0.3369773561986356,0.011822373249877444,0.02380438542518366,0.6273958851263045
4.055,0.33708159511050045,0.011813583151336899,0.023781995019511996,0.6273228267186519
4.06,0.3371874047661674,0.011805144011351638,0.023760233561424662,0.6272472176610576
4.065,0.33729467845373984,0.011797058099560448,0.02373911052815762,0.6271691529185434
4.07,0.3374033096515142,0.011789327384973031,0.02371863475218429,0.6270887282113298
4.075,0.33751319210623526,0.01178195353992968,0.023698814426932967,0.6270060399269034
4.08,0.3376242199098106,0.011774937944123903,0.023679657112791082,0.6269211850332758
4.085,0.3377362875744804,0.011768281688681501,0.023661169743375312,0.6268342609934642
4.09,0.3378492901064392,0.011761985580290032,0.023643358632047574,0.6267453656812245
4.095,0.33796312307790993,0.011756050145373185,0.023626229478657935,0.6266545972980603
4.1,0.33807768269766786,0.011750475634305027,0.02360978737649657,0.6265620542915319
4.105,0.3381928658800172,0.011745262025659642,0.023594036819437864,0.6264678352748867
4.11,0.3383085703122206,0.011740409030492064,0.023578981709260816,0.626372038948028
4.115,0.33842469452038454,0.011735916096646946,0.023564625363130916,0.6262747640198391
4.12,0.3385411379338026,0.011731782413091797,0.023550970521229647,0.6261761091318774
4.125,0.33865780094776066,0.01172800691427203,0.02353801935451874,0.62607617278345
4.13,0.33877458498480734,0.011724588284485525,0.02352577347262732,0.6259750532580812
4.135,0.3388913925544935,0.011721524962274701,0.02351423393185095,0.6258728485513823
4.14,0.3390081273115853,0.011718815144834565,0.023503401243252595,0.625769656300329
4.145,0.3391246941127543,0.011716456792435445,0.023493275380856313,0.6256655737139554
4.15,0.3392409990717501,0.011714447632859532,0.023483855789925432,0.6255606975054664
4.155,0.3393569496130582,0.011712785165850578,0.023475141395317804,0.6254551238257748
4.16,0.33947245452404856,0.011711466667576484,0.023467130609911464,0.6253489481984649
4.165,0.33958742400561803,0.011710489195104654,0.023459821343094923,0.6252422654561838
4.17,0.3397017697213302,0.011709849590890373,0.023453211009316938,0.6251351696784638
4.175,0.33981540484505696,0.011709544487278565,0.02344729653669143,0.6250277541309743
4.18,0.3399282441071241,0.011709570311019614,0.023442074375653838,0.6249201112062038
4.185,0.3400402038389638,0.011709923287800017,0.023437540507665836,0.6248123323655718
4.19,0.34015120201627713,0.011710599446788886,0.023433690453966014,0.6247045080829694
4.195,0.3402611583007075,0.011711594625201391,0.02343051928436464,0.6245967277897279
4.2,0.34036999408002744,0.011712904472880451,0.023428021626081142,0.6244890798210124
4.205,0.34047763250683905,0.011714524456898003,0.023426191672623553,0.6243816513636409
4.21,0.3405839985357898,0.011716449866177316,0.0234250231927095,0.6242745284053248
4.215,0.3406890189593029,0.01171867581613793,0.02342450953922882,0.6241677956853318
4.22,0.34079262244182235,0.011721197253364714,0.02342464365824829,0.624061536646566
4.225,0.3408947395525718,0.01172400896030278,0.02342541809805925,0.6239558333890676
4.23,0.34099530279682666,0.011727105559979788,0.023426825018269263,0.6238507666249257
4.235,0.3410942466456965,0.01173048152075737,0.023428856198939214,0.6237464156346083
4.24,0.34119150756441713,0.011734131161113237,0.023431503049767544,0.6236428582247034
4.245,0.34128702403914923,0.011738048654455602,0.02343475661932342,0.6235401706870731
4.25,0.34138073660228035,0.011742228033971432,0.023438607604330922,0.6234384277594187
4.255,0.3414725878562281,0.01174666319751004,0.023443046359006407,0.623337702587257
4.26,0.34156252249574004,0.011751347912503384,0.023448062904451318,0.6232380666873067
4.265,0.3416504873286875,0.011756275820924394,0.023453646938102805,0.6231395899122868
4.27,0.34173643129534853,0.011761440444284513,0.023459787843244494,0.6230423404171239
4.275,0.34182030548617615,0.011766835188671537,0.023466474698579824,0.6229463846265739
4.28,0.341902063158048,0.01177245334982865,0.02347369628787028,0.6228517872042545
4.285,0.34198165974899225,0.011778288118275505,0.023481441109640795,0.6227586110230928
4.29,0.3420590528913861,0.0117843325844719,0.023489697386954545,0.6226669171371888
4.295,0.34213420242362197,0.011790579744024551,0.02349845307725916,0.6225767647550957
4.3,0.3422070704002371,0.011797022502937233,0.023507695882306324,0.6224882112145207
4.305,0.3422776211005028,0.011803653682904326,0.023517413258146436,0.6224013119584478
4.31,0.34234582103546873,0.011810466026647684,0.02352759242519992,0.622316120512685
4.315,0.34241163895345905,0.011817452203296476,0.023538220378406447,0.6222326884648394
4.32,0.3424750458440165,0.01182460481380943,0.02354928389745312,0.6221510654447223
4.325,0.3425360149402918,0.01183191639643874,0.02356076955708238,0.6220712991061884
4.33,0.3425945217198756,0.011839379432234589,0.02357266373748011,0.621993435110411
4.335,0.3426505439040707,0.011846986350589056,0.02358495263474404,0.6219175171105975
4.34,0.34270406145560356,0.01185472953481794,0.023597622271432278,0.6218435867381474
4.345,0.3427550565747739,0.011862601327778739,0.023610658507191365,0.6217716835902573
4.35,0.34280351369404194,0.01187059403752283,0.023624047049462953,0.6217018452189735
4.355,0.34284941947105485,0.011878699942979609,0.023637773464267736,0.6216341071216991
4.36,0.34289276278011316,0.011886911299670124,0.02365182318706489,0.6215685027331531
4.365,0.34293353470207955,0.011895220345447476,0.023666181533684875,0.6215050634187894
4.37,0.34297172851273394,0.011903619306260998,0.023680833711333008,0.6214438184696733
4.375,0.3430073396695787,0.011912100401941,0.023695764829660765,0.6213847950988208
4.38,0.34304036579709984,0.011920655852000616,0.02371095991190133,0.6213280184389995
4.385,0.3430708066704908,0.011929277881451044,0.023726403906065497,0.6212735115419941
4.39,0.3430986641978464,0.011937958726626214,0.023742081696193514,0.6212212953793352
4.395,0.34312394240083693,0.011946690641012735,0.023757978113658044,0.6211713888444936
4.4,0.34314664739387146,0.011955465901080714,0.023774077948512932,0.6211238087565363
4.405,0.3431667873617635,0.011964276812110815,0.023790365960882055,0.621078569865245
4.41,0.34318437253591144,0.011973115714012753,0.02380682689238201,0.6210356848576951
4.415,0.3431994151690089,0.011981974987130176,0.023823445477572022,0.6209951643662902
4.42,0.3432119295083006,0.011990847058026742,0.023840206455423927,0.6209570169782501
4.425,0.34322193176740173,0.011999724405247979,0.023857094580804754,0.6209212492465469
4.43,0.3432294400967004,0.012008599565053358,0.0238740946359639,0.6208878657022836
4.435,0.34323447455236333,0.012017465137112899,0.023891191442016565,0.6208568688685085
4.44,0.34323705706396707,0.012026313790162394,0.023908369870414628,0.6208282592754573
4.445,0.34323721140077984,0.01203513826761131,0.023925614854395878,0.6208020354772142
4.45,0.34323496313671853,0.012043931393097238,0.023942911400402025,0.6207781940697835
4.455,0.3432303396140083,0.012052686075980689,0.02396024459945563,0.6207567297105567
4.46,0.3432233699055744,0.012061395316773969,0.023977599638485773,0.6207376351391672
4.465,0.343214084776196,0.012070052212497755,0.023994961811591938,0.6207209011997157
4.47,0.3432025166424547,0.012078649961958995,0.0240123165312353,0.6207065168643524
4.475,0.34318869953151127,0.012087181870943672,0.0240296493393464,0.6206944692582002
4.48,0.34317266903874616,0.012095641357317981,0.02404694591833786,0.6206847436855994
4.485,0.34315446228430124,0.012104021956031493,0.02406419210201071,0.620677323657658
4.49,0.34313411786856046,0.012112317324015836,0.024081373886342537,0.6206721909210826
4.495,0.34311167582661045,0.012120521244972517,0.024098477440145732,0.6206693254882727
4.5,0.3430871775817224,0.012128627634043546,0.024115489115583782,0.6206687056686516
4.505,0.34306066589789797,0.01213663054235859,0.0241323954585336,0.6206703081012113
4.51,0.3430321848315243,0.012144524161452468,0.02414918321878177,0.6206741077882428
4.515,0.3430017796821839,0.01215230282754697,0.024165839360042542,0.620680078130228
4.52,0.3429694969426662,0.012159961025690997,0.024182351069785453,0.6206881909618588
4.525,0.3429353842482296,0.012167493393753278,0.02419870576886046,0.620698416589158
4.53,0.3428994903251639,0.012174894726262039,0.024214891120908546,0.6207107238276669
4.535,0.3428618649387031,0.012182159978086131,0.02423089504154587,0.6207250800416663
4.54,0.3428225588403411,0.012189284267952426,0.02424670570730965,0.6207414511843982
4.545,0.34278162371460297,0.012196262881794399,0.02426231156435416,0.6207598018392498
4.55,0.34273911212532526,0.012203091275927114,0.024277701336885425,0.6207800952618635
4.555,0.3426950774615001,0.012209765080044037,0.024292864035323408,0.6208022934231338
4.56,0.34264957388273803,0.012216280100031379,0.024307788964180777,0.6208263570530511
4.565,0.34260265626440634,0.012222632320595925,0.024322465729647646,0.6208522456853515
4.57,0.34255438014249784,0.01222881790770262,0.02433688424687199,0.6208799177029289
4.575,0.3425048016582889,0.012234833210818434,0.024351034746925838,0.6209093303839682
4.58,0.3424539775028423,0.012240674764959386,0.024364907783447673,0.620940439948752
4.585,0.3424019648614137,0.012246339292537878,0.02437849423895201,0.6209732016070978
4.59,0.3423488213578191,0.012251823705007875,0.024391785330797423,0.621007569606377
4.595,0.3422946049988205,0.012257125104305728,0.024404772616804897,0.6210434972800704
4.6,0.34223937411858885,0.012262240784084848,0.02441744800051882,0.6210809370968089
4.605,0.342183187323301,0.012267168230742753,0.02442980373610347,0.6211198407098542
4.61,0.3421261034359282,0.012271905124239375,0.024441832432868387,0.6211601590069654
4.615,0.342068181441274,0.01227644933870586,0.024453527059416637,0.6212018421606049
4.62,0.34200948043131724,0.012280798942843478,0.0244648809474105,0.6212448396784301
4.625,0.3419500595509176,0.012284952200112591,0.02447588779494975,0.6212891004540214
4.63,0.34188997794393805,0.012288907568712037,0.024486541669558357,0.6213345728177929
4.635,0.34182929469983997,0.012292663701349588,0.02449683701077598,0.6213812045880358
4.64,0.34176806880080474,0.012296219444804567,0.02450676863235138,0.6214289431220407
4.645,0.34170635906943503,0.012299573839284018,0.024516331724035428,0.6214777353672469
4.65,0.3416442241170878,0.012302726117574214,0.02452552185297215,0.6215275279123673
4.655,0.3415817222928904,0.012305675703989596,0.024534334964686856,0.6215782670384347
4.66,0.3415189116334898,0.012308422213121636,0.024542767383671095,0.621629898769719
4.665,0.34145584981358307,0.01231096544839041,0.024550815813564844,0.6216823689244632
4.67,0.3413925940972774,0.012313305400402002,0.024558477336937036,0.621735623165385
4.675,0.3413292012903249,0.012315442245115212,0.0245657494146662,0.621789607049895
4.68,0.3412657276932771,0.012317376341821305,0.024572629884923633,0.6218442660799793
4.685,0.34120222905560194,0.012319108230940894,0.02457911696176222,0.6218995457516964
4.69,0.3411387605308048,0.01232063863164227,0.02458520923331464,0.6219553916042397
4.695,0.34107537663259313,0.012321968439285853,0.024590905659605374,0.622011749268517
4.7,0.3410121311921231,0.012323098722699606,0.024596205569981558,0.6220685645151971
4.705,0.3409490773163635,0.01232403072129061,0.024601108660168302,0.6221257833021789
4.71,0.3408862673476126,0.01232476584199813,0.02460561498895476,0.6221833518214358
4.715,0.34082375282419974,0.012325305656093811,0.024609724974517785,0.6222412165451899
4.72,0.3407615844424021,0.012325651895834792,0.024613439390390596,0.6222993242713738
4.725,0.3406998120196063,0.012325806450975745,0.024616759361084383,0.6223576221683349
4.73,0.3406384844587408,0.012325771365146013,0.024619686357371388,0.6224160578187432
4.735,0.34057764971400395,0.0123255488320982,0.024622222191238403,0.6224745792626608
4.74,0.3405173547579113,0.012325141191834641,0.024624369010520186,0.6225331350397353
4.745,0.34045764554968155,0.012324550926618423,0.024626129293222717,0.6225916742304787
4.75,0.3403985670049815,0.012323780656875623,0.02462750584154662,0.6226501464965977
4.755,0.3403401629670452,0.012322833136995582,0.024628501775621557,0.622708502120339
4.76,0.34028247617918356,0.01232171125103611,0.024629120526962645,0.6227666920428191
4.765,0.34022554825869544,0.01232041800834056,0.024629365831660432,0.622824667901305
4.77,0.3401694196721925,0.012318956539073746,0.024629241723316195,0.6228823820654189
4.775,0.34011412971234545,0.012317330089683734,0.024628752525734595,0.6229397876722376
4.78,0.34005971647605865,0.01231554201829653,0.024627902845386074,0.6229968386602601
4.785,0.34000621684407806,0.012313595790050683,0.024626697563651483,0.6230534898022212
4.79,0.33995366646203495,0.0123114949723788,0.024625141828861732,0.6231096967367259
4.795,0.3399020997229268,0.012309243230242945,0.02462324104814533,0.6231654159986864
4.8,0.3398515497510336,0.012306844321330841,0.02462100087909687,0.6232206050485402
4.805,0.3398020483872678,0.012304302091219726,0.024618427221279614,0.6232752223002344
4.81,0.3397536261759523,0.01230162046851464,0.024615526207575376,0.6233292271479592
4.815,0.3397063123530208,0.012298803459967821,0.024612304195394948,0.6233825799916181
4.82,0.3396601348356321,0.012295855145585828,0.02460876775776238,0.6234352422610213
4.825,0.339615120213189,0.012292779673730807,0.024604923674286343,0.6234871764387955
4.83,0.33957129373974954,0.012289581256222308,0.024600778922031795,0.623538346081998
4.835,0.33952867932781905,0.012286264163445805,0.02459634066630511,0.6235887158424317
4.84,0.33948729954350737,0.012282832719474028,0.024591616251365696,0.6236382514856545
4.845,0.3394471756030361,0.01227929129720699,0.024586613191077068,0.6236869199086814
4.85,0.33940832737057836,0.012275644313536461,0.024581339159510125,0.6237346891563766
4.855,0.33937077335741217,0.012271896224540479,0.024575801981511262,0.6237815284365377
4.86,0.3393345307223686,0.012268051520713264,0.024570009623247756,0.623827408133672
4.865,0.3392996152735522,0.012264114722235778,0.024563970182742582,0.6238722998214711
4.87,0.33926604147131284,0.01226009037429193,0.024557691880410702,0.6239161762739861
4.875,0.3392338224324446,0.012255983042435277,0.024551183049608506,0.6239590114755131
4.88,0.33920296993558796,0.01225179730801081,0.02454445212720787,0.624000780629195
4.885,0.3391734944278098,0.01224753776363629,0.02453750764420599,0.6240414601643495
4.89,0.33914540503233515,0.01224320900874734,0.02453035821638187,0.6240810277425372
4.895,0.3391187095574035,0.012238815645210262,0.024523012535009978,0.6241194622623778
4.9,0.3390934145062217,0.012234362273006458,0.024515479357641326,0.624156743863132
4.905,0.3390695250879857,0.012229853485991968,0.024507767498961816,0.624192853927062
4.91,0.3390470452299407,0.01222529386773554,0.024499885821737358,0.6242277750805879
4.915,0.3390259775904514,0.012220687987438396,0.02449184322785498,0.6242614911942568
4.92,0.3390063235730507,0.012216040395938646,0.02448364864946865,0.6242939873815435
4.925,0.3389880833414376,0.012211355621803083,0.024475311040258258,0.6243252499965026
4.93,0.33897125583539117,0.012206638167508931,0.024466839366809812,0.6243552666302916
4.935,0.3389558387875715,0.012201892505717842,0.024458242600124434,0.6243840261065877
4.94,0.3389418287411735,0.012197123075644306,0.02444952970726347,0.6244115184759202
4.945,0.3389292210684033,0.012192334279520389,0.024440709643136556,0.6244377350089413
4.95,0.33891800998974364,0.012187530479158545,0.0244317913424391,0.6244626681886603
4.955,0.33890818859397726,0.012182715992614042,0.024422783711745315,0.6244863117016649
4.96,0.33889974885893437,0.012177895090948366,0.02441369562176244,0.6245086604283564
4.965,0.3388926816729327,0.012173071995094785,0.02440453589975146,0.6245297104322226
4.97,0.3388869768568774,0.012168250872827049,0.02439531332211929,0.6245494589481778
4.975,0.33888262318698814,0.012163435835832086,0.02438603660718693,0.6245679043699944
4.98,0.338879608418121,0.012158630936887327,0.024376714408137694,0.6245850462368555
4.985,0.3388779193076534,0.01215384016714316,0.024367355306149453,0.6246008852190555
4.99,0.33887754163989925,0.012149067453510885,0.024357967803714138,0.6246154231028772
4.995,0.33887846025102325,0.012144316656156305,0.02434856031814771,0.6246286627746742
5.0,0.33888065905442194,0.012139591566099069,0.024339141175293243,0.6246406082041872
